order_id,f0_
304895830d498b62a95ffc,2026-01-01
364dc8bb44e8c80fecced5,2026-01-02
5448f28b9a111b62401582,2026-01-02
c24c8894421b884bc94fe6,2026-01-05
c24c8894421b884bc94fe6,2026-01-30
c044c9b38819eb55325353,2026-01-30
c044c9b38819eb55325353,2026-01-08
8d4874a5d9fa38481b0ffe,2026-01-08
4544dfb4329134b322201c,2026-01-30
4544dfb4329134b322201c,2026-01-11
e5426ca83d5d05672a8347,2026-01-09
e5426ca83d5d05672a8347,2026-01-10
e5426ca83d5d05672a8347,2026-01-11
7b4ce686fd97751f9c2d65,2026-01-10
5344be9809f0fb0df0a9a4,2026-01-10
694deeb8761d3fc26c7310,2026-01-30
694deeb8761d3fc26c7310,2026-01-16
9e4ff4a098d7dc685a738c,2026-01-14
ba46f1abbc7be28722c15c,2026-01-20
ba46f1abbc7be28722c15c,2026-01-19
ba46f1abbc7be28722c15c,2026-01-21
4b4a15874188d1a82f7fdc,2026-01-20
4b4a15874188d1a82f7fdc,2026-01-19
254f1f94b228cd32f6c3ed,2026-01-25
c040ada92a69450f84668d,2026-01-26
e745f488dfb63f87d25658,2026-01-27
e745f488dfb63f87d25658,2026-01-29
e745f488dfb63f87d25658,2026-01-28
cd4321bdf75ef48bb6a7de,2026-01-29
cd4321bdf75ef48bb6a7de,2026-01-28
954a38bf5780a3db7d7626,2026-01-28
954a38bf5780a3db7d7626,2026-01-29
0c4e91862b96576c9ece02,2026-01-28
0c4e91862b96576c9ece02,2026-01-29
bd498aa20cf993582189e3,2026-01-28
bd498aa20cf993582189e3,2026-01-29
9b4546a70bc18b79dfd260,2026-01-28
9b4546a70bc18b79dfd260,2026-01-29
5e41deb02c2bf4786e61fd,2026-01-29
5e41deb02c2bf4786e61fd,2026-01-28
d3426fb1262f0b5be6fa05,2026-01-29
d3426fb1262f0b5be6fa05,2026-01-28
a3417c948e82ad829b2116,2026-01-29
a3417c948e82ad829b2116,2026-01-28
9641be90c7feba1baf23b1,2026-01-29
9641be90c7feba1baf23b1,2026-01-28
d7445589f66ea72583bb59,2026-01-28
d7445589f66ea72583bb59,2026-01-29
0242b5ba6e98c2a22c29df,2026-01-29
0242b5ba6e98c2a22c29df,2026-01-28
5a4e85b2b34d969f9d9612,2026-01-29
5a4e85b2b34d969f9d9612,2026-01-28
da4c79a61f2ff98a293abf,2026-01-28
da4c79a61f2ff98a293abf,2026-01-29
294e33a6fec5010e2de20e,2026-01-28
294e33a6fec5010e2de20e,2026-01-29
104204b28dec46dd3ba46b,2026-01-28
104204b28dec46dd3ba46b,2026-01-29
